{
  "timestamp": "2025-08-19T09:34:58.904531",
  "report": {
    "summary": {
      "duration_seconds": 13.5,
      "samples_collected": 27
    },
    "peaks": {
      "cpu_peak": 100.0,
      "cpu_avg": 77.42962962962963,
      "cpu_core_peaks": [
        100.0,
        100.0,
        100.0,
        100.0,
        100.0,
        100.0,
        100.0,
        100.0
      ],
      "cpu_cores_used": 8,
      "memory_peak_mb": 6692.1796875,
      "memory_avg_mb": 6066.603298611111,
      "process_memory_peak_mb": 1492.8046875,
      "process_memory_avg_mb": 861.9612268518518,
      "process_cpu_peak": 747.0,
      "process_cpu_avg": 569.3074074074074,
      "process_threads_peak": 38,
      "disk_read_peak_mbps": 0.0,
      "disk_write_peak_mbps": 0.9320713430200606
    },
    "system_info": {
      "cpu_count": 8,
      "cpu_count_physical": 4,
      "total_memory_gb": 31.036956787109375,
      "available_memory_gb": 24.182472229003906
    }
  },
  "raw_metrics": {
    "cpu_percent": [
      15.2,
      16.7,
      18.8,
      17.5,
      100.0,
      100.0,
      100.0,
      100.0,
      100.0,
      17.3,
      100.0,
      100.0,
      100.0,
      56.1,
      29.5,
      100.0,
      100.0,
      100.0,
      100.0,
      100.0
    ],
    "memory_percent": [
      21.2,
      21.4,
      21.6,
      21.9,
      22.0,
      22.3,
      22.4,
      22.4,
      22.4,
      22.7,
      22.7,
      22.7,
      22.9,
      23.3,
      23.9,
      24.2,
      24.3,
      24.4,
      24.4,
      24.2
    ],
    "memory_mb": [
      5401.33203125,
      5457.5078125,
      5525.1640625,
      5623.02734375,
      5667.00390625,
      5764.5234375,
      5768.1640625,
      5775.27734375,
      5791.49609375,
      5874.328125,
      5872.8046875,
      5889.953125,
      5932.24609375,
      6057.36328125,
      6258.3359375,
      6339.828125,
      6382.03125,
      6415.0,
      6409.41015625,
      6340.40234375
    ],
    "disk_io_read": [
      0.0,
      0.0,
      0.0,
      0.0,
      0.0,
      0.0,
      0.0,
      0.0,
      0.0,
      0.0,
      0.0,
      0.0,
      0.0,
      0.0,
      0.0,
      0.0,
      0.0,
      0.0,
      0.0,
      0.0
    ],
    "disk_io_write": [
      0.0,
      0.0,
      0.8024128544083976,
      0.0,
      0.7237966428846928,
      0.0,
      0.0,
      0.0,
      0.0,
      0.0,
      0.08904459736756203,
      0.0,
      0.0,
      0.0,
      0.0,
      0.0,
      0.0,
      0.0,
      0.9320713430200606,
      0.06578380760324141
    ],
    "process_cpu": [
      0.0,
      212.5,
      216.8,
      85.6,
      484.6,
      533.3,
      590.0,
      727.2,
      747.0,
      112.7,
      747.0,
      725.1,
      735.5,
      578.8,
      499.4,
      713.8,
      698.5,
      733.1,
      731.5,
      726.9
    ],
    "process_memory_mb": [
      33.9140625,
      148.13671875,
      231.24609375,
      483.828125,
      547.61328125,
      641.98046875,
      654.8359375,
      657.6015625,
      663.28515625,
      741.98828125,
      752.71484375,
      769.80078125,
      804.5390625,
      865.5546875,
      1011.67578125,
      1086.76171875,
      1153.40625,
      1154.0234375,
      1154.0234375,
      1087.76953125
    ],
    "process_threads": [
      1,
      8,
      15,
      16,
      26,
      26,
      27,
      27,
      26,
      26,
      27,
      27,
      34,
      35,
      36,
      36,
      36,
      36,
      36,
      36
    ],
    "timestamps": [
      1755614079.7990236,
      1755614080.5003963,
      1755614081.2015705,
      1755614081.9025812,
      1755614082.6037445,
      1755614083.30534,
      1755614084.006617,
      1755614084.7095819,
      1755614085.4110043,
      1755614086.1124592,
      1755614086.8135688,
      1755614087.5154643,
      1755614088.232087,
      1755614088.9418626,
      1755614089.6432233,
      1755614090.351331,
      1755614091.052849,
      1755614091.7591202,
      1755614092.4898353,
      1755614093.1939123
    ]
  }
}